{"name":"da80155a-eb53-40b9-936f-a6443fd71451","id":"/providers/Microsoft.Flow/flows/da80155a-eb53-40b9-936f-a6443fd71451","type":"Microsoft.Flow/flows","properties":{"apiId":"/providers/Microsoft.PowerApps/apis/shared_logicflows","displayName":"Generate random string","definition":{"metadata":{"workflowEntityId":null,"processAdvisorMetadata":null,"flowclientsuspensionreason":"None","flowclientsuspensiontime":null,"flowclientsuspensionreasondetails":null,"creator":{"id":"2cec6ce5-93b2-493a-9d6c-452ab11092a8","type":"User","tenantId":"b863a34a-a508-4416-bbb0-2806da71edd7"},"provisioningMethod":"FromDefinition","failureAlertSubscription":true,"clientLastModifiedTime":"2023-03-14T14:01:57.9883004Z"},"$schema":"https://schema.management.azure.com/providers/Microsoft.Logic/schemas/2016-06-01/workflowdefinition.json#","contentVersion":"1.0.0.0","parameters":{"$authentication":{"defaultValue":{},"type":"SecureObject"}},"triggers":{"manual":{"metadata":{"operationMetadataId":"34f59dbf-b8a6-44bb-84a0-a16f502aaa7d"},"type":"Request","kind":"Button","inputs":{"schema":{"type":"object","properties":{"number":{"title":"Length","type":"number","x-ms-dynamically-added":true,"description":"Number of characters the string should be","x-ms-content-hint":"NUMBER"}},"required":["number"]}}}},"actions":{"Allowed_characters":{"runAfter":{"Initialize_strRandomString":["Succeeded"]},"metadata":{"operationMetadataId":"50bb482d-0abf-47d9-b86b-5469f94c1d0b"},"type":"Compose","inputs":"abcdefghijklmnopqrstuvwxyzABCDEFGHIJKLMNOPQRSTUVWXYZ0123456789-_)°à}ç{!è^(#é@&|\\:<>,.;:%[]"},"Random_string":{"runAfter":{"Do_until":["Succeeded"]},"metadata":{"operationMetadataId":"8108fff7-e2ac-4bcc-a10e-7a509dee658c"},"type":"Compose","inputs":"@variables('strRandomString')"},"Initialize_strRandomString":{"runAfter":{"Initialize_intCounter":["Succeeded"]},"metadata":{"operationMetadataId":"5feaf6b2-3f1b-4e22-8083-5a0174d2886f"},"type":"InitializeVariable","inputs":{"variables":[{"name":"strRandomString","type":"string"}]}},"Initialize_intCounter":{"runAfter":{},"metadata":{"operationMetadataId":"a5cf2a09-7d35-40f4-bbe6-19a9f64ae539"},"type":"InitializeVariable","inputs":{"variables":[{"name":"intCounter","type":"integer","value":0}]}},"Do_until":{"actions":{"Append_to_string_variable":{"runAfter":{},"metadata":{"operationMetadataId":"a6c8fa20-d2ba-4724-989e-c6e923618e05"},"type":"AppendToStringVariable","inputs":{"name":"strRandomString","value":"@substring(outputs('Allowed_characters'),rand(0,length(outputs('Allowed_characters'))),1)"}},"Increment_variable":{"runAfter":{"Append_to_string_variable":["Succeeded"]},"metadata":{"operationMetadataId":"c2e39656-a79b-4d4e-96d7-2fb4f4cdae3b"},"type":"IncrementVariable","inputs":{"name":"intCounter","value":1}}},"runAfter":{"Allowed_characters":["Succeeded"]},"expression":"@equals(variables('intCounter'), triggerBody()['number'])","limit":{"count":60,"timeout":"PT1H"},"metadata":{"operationMetadataId":"3feb9eb2-e154-436c-9067-3bea66893cfe"},"type":"Until"}},"description":"Generates a string of a specified length consisting of random characters."},"connectionReferences":{},"flowFailureAlertSubscribed":false,"isManaged":false}}